,precision,recall,f1-score,support
fan_off_heater_off,0.9991974317817014,0.994408945686901,0.9967974379503602,1252.0
fan_off_heater_on,0.9354838709677419,1.0,0.9666666666666667,29.0
fan_on_heater_off,0.8529411764705882,0.9666666666666667,0.90625,30.0
fan_on_heater_on,0.0,0.0,0.0,0.0
accuracy,0.9938977879481312,0.9938977879481312,0.9938977879481312,0.9938977879481312
macro avg,0.6969056198050079,0.7402689030883919,0.7174285261542568,1311.0
weighted avg,0.994441229704708,0.9938977879481312,0.9940589059093703,1311.0
